-- Auto-generated by tools/source-to-db-sql.mjs
-- Generated at 2026-03-16T14:15:04.258Z
PRAGMA foreign_keys = ON;
BEGIN;

-- Full refresh (source.json is canonical)
DELETE FROM provenance_links;
DELETE FROM knowledge_relations;
DELETE FROM knowledge_tags;
DELETE FROM section_knowledge;
DELETE FROM knowledge_nodes;
DELETE FROM sections;
DELETE FROM chapters;
DELETE FROM books;
DELETE FROM relation_types;

INSERT INTO relation_types (type, category, discipline, description, direction, transitive, symmetric, display_scope) VALUES
  ('defined_in', 'provenance', NULL, 'Knowledge is formally defined in a source section.', 'knowledge -> source', 0, 0, 'tooltip-only'),
  ('cite_from', 'provenance', NULL, 'Knowledge statement cites a source section.', 'knowledge -> source', 0, 0, 'tooltip-only'),
  ('support', 'provenance', NULL, 'Knowledge is supported by source evidence.', 'knowledge -> source', 0, 0, 'tooltip-only'),
  ('prerequisite_of', 'common', NULL, 'A is required before learning or applying B.', 'A -> B', 1, 0, 'graph'),
  ('related_to', 'common', NULL, 'A and B are semantically related.', 'undirected', 0, 1, 'graph'),
  ('equivalent_to', 'common', NULL, 'A and B are conceptually equivalent.', 'undirected', 0, 1, 'graph'),
  ('derives_from', 'common', NULL, 'A is derived from B.', 'A -> B', 0, 0, 'graph'),
  ('analyzes', 'common', NULL, 'A is used to analyze B.', 'A -> B', 0, 0, 'graph'),
  ('analyzed_by', 'common', NULL, 'A is analyzed by B.', 'A -> B', 0, 0, 'graph'),
  ('models', 'common', NULL, 'A provides a model basis for B.', 'A -> B', 0, 0, 'graph'),
  ('proves', 'discipline', 'mathematics', 'A proves theorem/statement B.', 'A -> B', 0, 0, 'graph'),
  ('transforms_to', 'discipline', 'mathematics', 'A can be transformed into B under valid rules.', 'A -> B', 0, 0, 'graph'),
  ('applies_under', 'discipline', 'mathematics', 'A holds under condition B.', 'A -> B', 0, 0, 'graph'),
  ('causes', 'discipline', 'physics', 'A causally leads to B.', 'A -> B', 0, 0, 'graph'),
  ('valid_in', 'discipline', 'physics', 'A is valid in regime/domain B.', 'A -> B', 0, 0, 'graph'),
  ('verified_by', 'discipline', 'physics', 'A is experimentally verified by B.', 'A -> B', 0, 0, 'graph'),
  ('implements', 'discipline', 'computer-science', 'A implements method/specification B.', 'A -> B', 0, 0, 'graph'),
  ('depends_on', 'discipline', 'computer-science', 'A depends on B.', 'A -> B', 0, 0, 'graph'),
  ('optimizes', 'discipline', 'computer-science', 'A optimizes or trains B.', 'A -> B', 0, 0, 'graph'),
  ('calls', 'discipline', 'computer-science', 'A calls B during execution.', 'A -> B', 0, 0, 'graph');

INSERT INTO books (id, title, title_zh, title_en, discipline, taxonomy_domain, updated_at) VALUES
  ('book-math-analysis', '数学分析导论', '数学分析导论', '数学分析导论', 'mathematics', 'mathematics', '2026-03-16T14:15:04.256Z'),
  ('book-physics-mechanics', '经典力学基础', '经典力学基础', '经典力学基础', 'physics', 'physics', '2026-03-16T14:15:04.257Z'),
  ('book-cs-foundations', '计算机科学基础', '计算机科学基础', '计算机科学基础', 'computer-science', 'computer-science', '2026-03-16T14:15:04.257Z'),
  ('book-ai-aima-4e', 'Artificial Intelligence: A Modern Approach (4th Edition)', 'Artificial Intelligence: A Modern Approach (4th Edition)', 'Artificial Intelligence: A Modern Approach (4th Edition)', 'computer-science', 'artificial-intelligence', '2026-03-16T14:15:04.257Z'),
  ('book-frontend-foundations', 'Frontend Foundations Handbook', 'Frontend Foundations Handbook', 'Frontend Foundations Handbook', 'computer-science', 'computer-science', '2026-03-16T14:15:04.257Z');

INSERT INTO chapters (id, book_id, title, title_zh, title_en, ord) VALUES
  ('math-ch1', 'book-math-analysis', '极限与连续', '极限与连续', '极限与连续', 1),
  ('math-ch2', 'book-math-analysis', '线性代数与变换', '线性代数与变换', '线性代数与变换', 2),
  ('phy-ch1', 'book-physics-mechanics', '牛顿体系', '牛顿体系', '牛顿体系', 1),
  ('phy-ch2', 'book-physics-mechanics', '电磁与波动', '电磁与波动', '电磁与波动', 2),
  ('cs-ch1', 'book-cs-foundations', '算法分析', '算法分析', '算法分析', 1),
  ('cs-ch2', 'book-cs-foundations', '机器学习', '机器学习', '机器学习', 2),
  ('ai-ch1', 'book-ai-aima-4e', 'What Is AI?', 'What Is AI?', 'What Is AI?', 1),
  ('fe-ch1', 'book-frontend-foundations', 'HTML + CSS Core Skills', 'HTML + CSS Core Skills', 'HTML + CSS Core Skills', 1),
  ('fe-ch2', 'book-frontend-foundations', 'Practice Projects', 'Practice Projects', 'Practice Projects', 2);

INSERT INTO sections (id, chapter_id, title, title_zh, title_en, ord) VALUES
  ('math-ch1-sec1', 'math-ch1', '1.1 极限定义与ε-δ思想', '1.1 极限定义与ε-δ思想', '1.1 极限定义与ε-δ思想', 1),
  ('math-ch1-sec2', 'math-ch1', '1.2 导数与线性近似', '1.2 导数与线性近似', '1.2 导数与线性近似', 2),
  ('math-ch2-sec1', 'math-ch2', '2.1 线性变换与频域观点', '2.1 线性变换与频域观点', '2.1 线性变换与频域观点', 1),
  ('phy-ch1-sec1', 'phy-ch1', '1.1 受力与加速度', '1.1 受力与加速度', '1.1 受力与加速度', 1),
  ('phy-ch1-sec2', 'phy-ch1', '1.2 碰撞与守恒', '1.2 碰撞与守恒', '1.2 碰撞与守恒', 2),
  ('phy-ch2-sec1', 'phy-ch2', '2.1 场与方程组', '2.1 场与方程组', '2.1 场与方程组', 1),
  ('cs-ch1-sec1', 'cs-ch1', '1.1 时间复杂度', '1.1 时间复杂度', '1.1 时间复杂度', 1),
  ('cs-ch1-sec2', 'cs-ch1', '1.2 分治策略', '1.2 分治策略', '1.2 分治策略', 2),
  ('cs-ch2-sec1', 'cs-ch2', '2.1 反向传播', '2.1 反向传播', '2.1 反向传播', 1),
  ('cs-ch2-sec2', 'cs-ch2', '2.2 卷积网络', '2.2 卷积网络', '2.2 卷积网络', 2),
  ('ai-ch1-sec1-1', 'ai-ch1', '1.1 What Is AI?', '1.1 What Is AI?', '1.1 What Is AI?', 1),
  ('ai-ch1-sec1-1-1', 'ai-ch1', '1.1.1 Acting Humanly: The Turing Test', '1.1.1 Acting Humanly: The Turing Test', '1.1.1 Acting Humanly: The Turing Test', 2),
  ('ai-ch1-sec1-1-2', 'ai-ch1', '1.1.2 Thinking Humanly', '1.1.2 Thinking Humanly', '1.1.2 Thinking Humanly', 3),
  ('ai-ch1-sec1-1-4', 'ai-ch1', '1.1.4 Acting Rationally', '1.1.4 Acting Rationally', '1.1.4 Acting Rationally', 4),
  ('ai-ch1-sec1-1-5', 'ai-ch1', '1.1.5 Beneficial Machines', '1.1.5 Beneficial Machines', '1.1.5 Beneficial Machines', 5),
  ('fe-ch1-sec1', 'fe-ch1', '1.1 Semantic Structure', '1.1 Semantic Structure', '1.1 Semantic Structure', 1),
  ('fe-ch1-sec2', 'fe-ch1', '1.2 Flex Layout', '1.2 Flex Layout', '1.2 Flex Layout', 2),
  ('fe-ch1-sec3', 'fe-ch1', '1.3 Animation Basics', '1.3 Animation Basics', '1.3 Animation Basics', 3),
  ('fe-ch2-sec1', 'fe-ch2', '2.1 Gallery Project', '2.1 Gallery Project', '2.1 Gallery Project', 1),
  ('fe-ch2-sec2', 'fe-ch2', '2.2 Ferris Wheel Animation', '2.2 Ferris Wheel Animation', '2.2 Ferris Wheel Animation', 2);

INSERT INTO knowledge_nodes (id, title, title_zh, title_en, summary, summary_zh, summary_en, knowledge_type, difficulty, taxonomy_domain, discipline, status, updated_at) VALUES
  ('k-limit-definition', '函数极限定义', '函数极限定义', '函数极限定义', '通过邻域逼近刻画自变量趋近某点时函数值的行为。', '通过邻域逼近刻画自变量趋近某点时函数值的行为。', '通过邻域逼近刻画自变量趋近某点时函数值的行为。', 'concept', 'beginner', 'mathematics', 'mathematics', 'active', '2026-03-16T14:15:04.257Z'),
  ('k-epsilon-delta-proof', 'ε-δ证明模板', 'ε-δ证明模板', 'ε-δ证明模板', '将直觉性逼近转化为可验证的量化证明流程。', '将直觉性逼近转化为可验证的量化证明流程。', '将直觉性逼近转化为可验证的量化证明流程。', 'method', 'intermediate', 'mathematics', 'mathematics', 'active', '2026-03-16T14:15:04.257Z'),
  ('k-derivative-definition', '导数定义', '导数定义', '导数定义', '导数是函数在一点处变化率的极限。', '导数是函数在一点处变化率的极限。', '导数是函数在一点处变化率的极限。', 'concept', 'beginner', 'mathematics', 'mathematics', 'active', '2026-03-16T14:15:04.257Z'),
  ('k-fourier-transform', '傅里叶变换', '傅里叶变换', '傅里叶变换', '将时域信号映射到频域，以分解频率成分。', '将时域信号映射到频域，以分解频率成分。', '将时域信号映射到频域，以分解频率成分。', 'concept', 'intermediate', 'mathematics', 'mathematics', 'active', '2026-03-16T14:15:04.257Z'),
  ('k-newton-second-law', '牛顿第二定律', '牛顿第二定律', '牛顿第二定律', '力等于质量与加速度的乘积，刻画动力学核心关系。', '力等于质量与加速度的乘积，刻画动力学核心关系。', '力等于质量与加速度的乘积，刻画动力学核心关系。', 'law', 'beginner', 'physics', 'physics', 'active', '2026-03-16T14:15:04.257Z'),
  ('k-momentum-conservation', '动量守恒', '动量守恒', '动量守恒', '孤立系统总动量保持不变。', '孤立系统总动量保持不变。', '孤立系统总动量保持不变。', 'law', 'intermediate', 'physics', 'physics', 'active', '2026-03-16T14:15:04.257Z'),
  ('k-maxwell-equations', '麦克斯韦方程组', '麦克斯韦方程组', '麦克斯韦方程组', '统一描述电场与磁场的生成、耦合与传播。', '统一描述电场与磁场的生成、耦合与传播。', '统一描述电场与磁场的生成、耦合与传播。', 'theory', 'advanced', 'physics', 'physics', 'active', '2026-03-16T14:15:04.257Z'),
  ('k-big-o-notation', '大O记号', '大O记号', '大O记号', '刻画算法增长阶的渐进上界。', '刻画算法增长阶的渐进上界。', '刻画算法增长阶的渐进上界。', 'concept', 'beginner', 'computer-science', 'computer-science', 'active', '2026-03-16T14:15:04.257Z'),
  ('k-divide-and-conquer', '分治法', '分治法', '分治法', '将问题拆解为子问题递归求解后再合并。', '将问题拆解为子问题递归求解后再合并。', '将问题拆解为子问题递归求解后再合并。', 'method', 'intermediate', 'computer-science', 'computer-science', 'active', '2026-03-16T14:15:04.257Z'),
  ('k-backpropagation', '反向传播算法', '反向传播算法', '反向传播算法', '利用链式法则高效计算神经网络参数梯度。', '利用链式法则高效计算神经网络参数梯度。', '利用链式法则高效计算神经网络参数梯度。', 'algorithm', 'intermediate', 'artificial-intelligence', 'computer-science', 'active', '2026-03-16T14:15:04.257Z'),
  ('k-convolutional-neural-network', '卷积神经网络', '卷积神经网络', '卷积神经网络', '通过局部感受野与参数共享提取空间结构特征。', '通过局部感受野与参数共享提取空间结构特征。', '通过局部感受野与参数共享提取空间结构特征。', 'model', 'intermediate', 'artificial-intelligence', 'computer-science', 'active', '2026-03-16T14:15:04.257Z'),
  ('ai-what-is-ai', 'What Is AI?', 'What Is AI?', 'What Is AI?', 'AI 可由人类/理性与思维/行为两个维度组合成四种经典定义路径。', 'AI 可由人类/理性与思维/行为两个维度组合成四种经典定义路径。', 'AI 可由人类/理性与思维/行为两个维度组合成四种经典定义路径。', 'concept', 'beginner', 'artificial-intelligence', 'computer-science', 'active', '2026-03-16T14:15:04.257Z'),
  ('ai-turing-test', 'Turing Test Approach', 'Turing Test Approach', 'Turing Test Approach', '通过文本交互不可区分于人类来判定机器是否表现出智能。', '通过文本交互不可区分于人类来判定机器是否表现出智能。', '通过文本交互不可区分于人类来判定机器是否表现出智能。', 'concept', 'intermediate', 'artificial-intelligence', 'computer-science', 'active', '2026-03-16T14:15:04.257Z'),
  ('ai-cognitive-modeling', 'Thinking Humanly: Cognitive Modeling', 'Thinking Humanly: Cognitive Modeling', 'Thinking Humanly: Cognitive Modeling', '结合实验心理学与计算模型来刻画人的思维机制。', '结合实验心理学与计算模型来刻画人的思维机制。', '结合实验心理学与计算模型来刻画人的思维机制。', 'concept', 'intermediate', 'artificial-intelligence', 'computer-science', 'active', '2026-03-16T14:15:04.257Z'),
  ('ai-rational-agent', 'Rational Agent', 'Rational Agent', 'Rational Agent', '理性智能体在不确定环境中选择期望结果最优的行动。', '理性智能体在不确定环境中选择期望结果最优的行动。', '理性智能体在不确定环境中选择期望结果最优的行动。', 'concept', 'intermediate', 'artificial-intelligence', 'computer-science', 'active', '2026-03-16T14:15:04.257Z'),
  ('ai-value-alignment', 'Value Alignment Problem', 'Value Alignment Problem', 'Value Alignment Problem', '高能力系统若目标与人类偏好不一致，可能优化出非预期行为。', '高能力系统若目标与人类偏好不一致，可能优化出非预期行为。', '高能力系统若目标与人类偏好不一致，可能优化出非预期行为。', 'concept', 'advanced', 'artificial-intelligence', 'computer-science', 'active', '2026-03-16T14:15:04.257Z'),
  ('semantic-html', 'Semantic HTML', 'Semantic HTML', 'Semantic HTML', '使用语义化标签提升结构清晰度、可访问性与可检索性。', '使用语义化标签提升结构清晰度、可访问性与可检索性。', '使用语义化标签提升结构清晰度、可访问性与可检索性。', 'concept', 'beginner', 'linguistics', 'computer-science', 'active', '2026-03-16T14:15:04.258Z'),
  ('css-flexbox', 'CSS Flexbox', 'CSS Flexbox', 'CSS Flexbox', '一维布局系统，用于排列、对齐和换行。', '一维布局系统，用于排列、对齐和换行。', '一维布局系统，用于排列、对齐和换行。', 'method', 'beginner', 'computer-science', 'computer-science', 'active', '2026-03-16T14:15:04.258Z'),
  ('css-animation', 'CSS Animation', 'CSS Animation', 'CSS Animation', '通过 keyframes 与 transform 构建连续或状态动画。', '通过 keyframes 与 transform 构建连续或状态动画。', '通过 keyframes 与 transform 构建连续或状态动画。', 'method', 'intermediate', 'computer-science', 'computer-science', 'active', '2026-03-16T14:15:04.258Z'),
  ('project-cat-photo-gallery', 'Cat Photo Gallery', 'Cat Photo Gallery', 'Cat Photo Gallery', '用于练习语义结构和 Flex 布局的项目知识点。', '用于练习语义结构和 Flex 布局的项目知识点。', '用于练习语义结构和 Flex 布局的项目知识点。', 'model', 'beginner', 'computer-science', 'computer-science', 'active', '2026-03-16T14:15:04.258Z'),
  ('project-ferris-wheel', 'Ferris Wheel', 'Ferris Wheel', 'Ferris Wheel', '用于练习 transform、timing、keyframes 的动画项目。', '用于练习 transform、timing、keyframes 的动画项目。', '用于练习 transform、timing、keyframes 的动画项目。', 'model', 'intermediate', 'computer-science', 'computer-science', 'active', '2026-03-16T14:15:04.258Z');

INSERT INTO section_knowledge (section_id, knowledge_id, ord) VALUES
  ('math-ch1-sec1', 'k-limit-definition', 1),
  ('math-ch1-sec1', 'k-epsilon-delta-proof', 2),
  ('math-ch1-sec2', 'k-derivative-definition', 1),
  ('math-ch2-sec1', 'k-fourier-transform', 1),
  ('phy-ch1-sec1', 'k-newton-second-law', 1),
  ('phy-ch1-sec2', 'k-momentum-conservation', 1),
  ('phy-ch2-sec1', 'k-maxwell-equations', 1),
  ('cs-ch1-sec1', 'k-big-o-notation', 1),
  ('cs-ch1-sec2', 'k-divide-and-conquer', 1),
  ('cs-ch2-sec1', 'k-backpropagation', 1),
  ('cs-ch2-sec2', 'k-convolutional-neural-network', 1),
  ('ai-ch1-sec1-1', 'ai-what-is-ai', 1),
  ('ai-ch1-sec1-1-1', 'ai-turing-test', 1),
  ('ai-ch1-sec1-1-2', 'ai-cognitive-modeling', 1),
  ('ai-ch1-sec1-1-4', 'ai-rational-agent', 1),
  ('ai-ch1-sec1-1-5', 'ai-value-alignment', 1),
  ('fe-ch1-sec1', 'semantic-html', 1),
  ('fe-ch1-sec2', 'css-flexbox', 1),
  ('fe-ch1-sec3', 'css-animation', 1),
  ('fe-ch2-sec1', 'project-cat-photo-gallery', 1),
  ('fe-ch2-sec2', 'project-ferris-wheel', 1);

INSERT INTO knowledge_tags (knowledge_id, tag) VALUES
  ('k-limit-definition', '数学'),
  ('k-limit-definition', '极限'),
  ('k-limit-definition', '分析'),
  ('k-epsilon-delta-proof', '数学'),
  ('k-epsilon-delta-proof', '证明'),
  ('k-epsilon-delta-proof', '分析'),
  ('k-derivative-definition', '数学'),
  ('k-derivative-definition', '导数'),
  ('k-derivative-definition', '微分'),
  ('k-fourier-transform', '数学'),
  ('k-fourier-transform', '信号'),
  ('k-fourier-transform', '变换'),
  ('k-newton-second-law', '物理'),
  ('k-newton-second-law', '力学'),
  ('k-newton-second-law', '定律'),
  ('k-momentum-conservation', '物理'),
  ('k-momentum-conservation', '守恒'),
  ('k-momentum-conservation', '碰撞'),
  ('k-maxwell-equations', '物理'),
  ('k-maxwell-equations', '电磁学'),
  ('k-maxwell-equations', '方程组'),
  ('k-big-o-notation', '计算机'),
  ('k-big-o-notation', '算法'),
  ('k-big-o-notation', '复杂度'),
  ('k-divide-and-conquer', '计算机'),
  ('k-divide-and-conquer', '算法'),
  ('k-divide-and-conquer', '设计范式'),
  ('k-backpropagation', '计算机'),
  ('k-backpropagation', '机器学习'),
  ('k-backpropagation', '优化'),
  ('k-convolutional-neural-network', '计算机'),
  ('k-convolutional-neural-network', '深度学习'),
  ('k-convolutional-neural-network', '视觉'),
  ('ai-what-is-ai', 'AI'),
  ('ai-what-is-ai', '定义'),
  ('ai-what-is-ai', '基础'),
  ('ai-turing-test', 'AI'),
  ('ai-turing-test', '图灵测试'),
  ('ai-turing-test', 'NLP'),
  ('ai-cognitive-modeling', 'AI'),
  ('ai-cognitive-modeling', '认知科学'),
  ('ai-rational-agent', 'AI'),
  ('ai-rational-agent', '智能体'),
  ('ai-rational-agent', '决策'),
  ('ai-value-alignment', 'AI'),
  ('ai-value-alignment', '安全'),
  ('ai-value-alignment', '价值对齐'),
  ('semantic-html', '前端'),
  ('semantic-html', 'HTML'),
  ('semantic-html', '语义化'),
  ('css-flexbox', '前端'),
  ('css-flexbox', 'CSS'),
  ('css-flexbox', '布局'),
  ('css-animation', '前端'),
  ('css-animation', 'CSS'),
  ('css-animation', '动画'),
  ('project-cat-photo-gallery', '前端'),
  ('project-cat-photo-gallery', '项目'),
  ('project-cat-photo-gallery', '画廊'),
  ('project-ferris-wheel', '前端'),
  ('project-ferris-wheel', '项目'),
  ('project-ferris-wheel', '动画');

INSERT INTO knowledge_relations (source_id, target_id, relation_type, domain, reason, reason_zh, reason_en, weight, confidence, review_status) VALUES
  ('k-limit-definition', 'k-epsilon-delta-proof', 'prerequisite_of', 'common', '掌握极限定义是使用ε-δ证明的前置条件。', '掌握极限定义是使用ε-δ证明的前置条件。', '掌握极限定义是使用ε-δ证明的前置条件。', 0.95, 1, 'approved'),
  ('k-epsilon-delta-proof', 'k-derivative-definition', 'proves', 'mathematics', '导数定义的严谨性依赖极限证明模板。', '导数定义的严谨性依赖极限证明模板。', '导数定义的严谨性依赖极限证明模板。', 0.78, 1, 'approved'),
  ('k-derivative-definition', 'k-newton-second-law', 'models', 'common', '瞬时变化率是加速度定义的数学基础。', '瞬时变化率是加速度定义的数学基础。', '瞬时变化率是加速度定义的数学基础。', 0.66, 1, 'approved'),
  ('k-newton-second-law', 'k-momentum-conservation', 'causes', 'physics', '在封闭系统下可推导守恒规律。', '在封闭系统下可推导守恒规律。', '在封闭系统下可推导守恒规律。', 0.72, 1, 'approved'),
  ('k-maxwell-equations', 'k-fourier-transform', 'analyzed_by', 'physics', '电磁波传播常转到频域分析。', '电磁波传播常转到频域分析。', '电磁波传播常转到频域分析。', 0.63, 1, 'approved'),
  ('k-big-o-notation', 'k-divide-and-conquer', 'analyzes', 'computer-science', '分治算法复杂度通常用大O记号评估。', '分治算法复杂度通常用大O记号评估。', '分治算法复杂度通常用大O记号评估。', 0.93, 1, 'approved'),
  ('k-divide-and-conquer', 'k-backpropagation', 'related_to', 'common', '都体现将复杂问题拆解再组合的计算思想。', '都体现将复杂问题拆解再组合的计算思想。', '都体现将复杂问题拆解再组合的计算思想。', 0.39, 1, 'approved'),
  ('k-backpropagation', 'k-convolutional-neural-network', 'optimizes', 'computer-science', 'CNN训练依赖反向传播求梯度并更新参数。', 'CNN训练依赖反向传播求梯度并更新参数。', 'CNN训练依赖反向传播求梯度并更新参数。', 0.97, 1, 'approved'),
  ('k-fourier-transform', 'k-convolutional-neural-network', 'related_to', 'common', '卷积与频域分析存在理论联系。', '卷积与频域分析存在理论联系。', '卷积与频域分析存在理论联系。', 0.44, 1, 'approved'),
  ('semantic-html', 'css-flexbox', 'prerequisite_of', 'computer-science', '先有语义结构，再做布局组织会更稳健。', '先有语义结构，再做布局组织会更稳健。', '先有语义结构，再做布局组织会更稳健。', 0.72, 1, 'approved'),
  ('css-flexbox', 'css-animation', 'related_to', 'computer-science', '二者经常共同用于前端交互界面。', '二者经常共同用于前端交互界面。', '二者经常共同用于前端交互界面。', 0.48, 1, 'approved'),
  ('css-flexbox', 'project-cat-photo-gallery', 'implements', 'computer-science', '画廊项目直接实现了 Flex 布局实践。', '画廊项目直接实现了 Flex 布局实践。', '画廊项目直接实现了 Flex 布局实践。', 0.94, 1, 'approved'),
  ('css-animation', 'project-ferris-wheel', 'implements', 'computer-science', '摩天轮项目由关键帧与变换动画构成。', '摩天轮项目由关键帧与变换动画构成。', '摩天轮项目由关键帧与变换动画构成。', 0.97, 1, 'approved'),
  ('ai-what-is-ai', 'ai-turing-test', 'prerequisite_of', 'computer-science', '理解 AI 四分法是理解图灵测试路径的前置。', '理解 AI 四分法是理解图灵测试路径的前置。', '理解 AI 四分法是理解图灵测试路径的前置。', 0.85, 1, 'approved'),
  ('ai-what-is-ai', 'ai-cognitive-modeling', 'related_to', 'computer-science', '认知建模是 AI 定义谱系中的核心分支。', '认知建模是 AI 定义谱系中的核心分支。', '认知建模是 AI 定义谱系中的核心分支。', 0.74, 1, 'approved'),
  ('ai-what-is-ai', 'ai-rational-agent', 'related_to', 'computer-science', '理性智能体是现代 AI 主流框架之一。', '理性智能体是现代 AI 主流框架之一。', '理性智能体是现代 AI 主流框架之一。', 0.86, 1, 'approved'),
  ('ai-rational-agent', 'ai-value-alignment', 'related_to', 'computer-science', '价值对齐问题是理性目标设定在现实中的延伸。', '价值对齐问题是理性目标设定在现实中的延伸。', '价值对齐问题是理性目标设定在现实中的延伸。', 0.82, 1, 'approved'),
  ('ai-turing-test', 'ai-rational-agent', 'related_to', 'computer-science', '两者分别代表行为主义与理性主义 AI 评价路径。', '两者分别代表行为主义与理性主义 AI 评价路径。', '两者分别代表行为主义与理性主义 AI 评价路径。', 0.66, 1, 'approved');

INSERT INTO provenance_links (knowledge_id, provenance_type, book_id, chapter_id, section_id, book_title, chapter_title, section_title, book_title_zh, book_title_en, chapter_title_zh, chapter_title_en, section_title_zh, section_title_en, link) VALUES
  ('k-limit-definition', 'defined_in', 'book-math-analysis', 'math-ch1', 'math-ch1-sec1', '数学分析导论', '极限与连续', '1.1 极限定义与ε-δ思想', '数学分析导论', '数学分析导论', '极限与连续', '极限与连续', '1.1 极限定义与ε-δ思想', '1.1 极限定义与ε-δ思想', 'graph/source.json?book=book-math-analysis&chapter=math-ch1&section=math-ch1-sec1'),
  ('k-epsilon-delta-proof', 'defined_in', 'book-math-analysis', 'math-ch1', 'math-ch1-sec1', '数学分析导论', '极限与连续', '1.1 极限定义与ε-δ思想', '数学分析导论', '数学分析导论', '极限与连续', '极限与连续', '1.1 极限定义与ε-δ思想', '1.1 极限定义与ε-δ思想', 'graph/source.json?book=book-math-analysis&chapter=math-ch1&section=math-ch1-sec1'),
  ('k-epsilon-delta-proof', 'cite_from', 'book-math-handbook', 'math-ch1', 'math-ch1-sec1', '高等数学题解精编', '证明技巧', '反向构造与估计', '高等数学题解精编', '高等数学题解精编', '证明技巧', '证明技巧', '反向构造与估计', '反向构造与估计', 'graph/source.json?book=book-math-analysis&chapter=math-ch1&section=math-ch1-sec1'),
  ('k-derivative-definition', 'defined_in', 'book-math-analysis', 'math-ch1', 'math-ch1-sec2', '数学分析导论', '极限与连续', '1.2 导数与线性近似', '数学分析导论', '数学分析导论', '极限与连续', '极限与连续', '1.2 导数与线性近似', '1.2 导数与线性近似', 'graph/source.json?book=book-math-analysis&chapter=math-ch1&section=math-ch1-sec2'),
  ('k-derivative-definition', 'support', 'book-physics-mechanics', 'math-ch1', 'math-ch1-sec2', '经典力学基础', '运动学', '瞬时速度', '经典力学基础', '经典力学基础', '运动学', '运动学', '瞬时速度', '瞬时速度', 'graph/source.json?book=book-math-analysis&chapter=math-ch1&section=math-ch1-sec2'),
  ('k-fourier-transform', 'defined_in', 'book-math-analysis', 'math-ch2', 'math-ch2-sec1', '数学分析导论', '线性代数与变换', '2.1 线性变换与频域观点', '数学分析导论', '数学分析导论', '线性代数与变换', '线性代数与变换', '2.1 线性变换与频域观点', '2.1 线性变换与频域观点', 'graph/source.json?book=book-math-analysis&chapter=math-ch2&section=math-ch2-sec1'),
  ('k-newton-second-law', 'defined_in', 'book-physics-mechanics', 'phy-ch1', 'phy-ch1-sec1', '经典力学基础', '牛顿体系', '1.1 受力与加速度', '经典力学基础', '经典力学基础', '牛顿体系', '牛顿体系', '1.1 受力与加速度', '1.1 受力与加速度', 'graph/source.json?book=book-physics-mechanics&chapter=phy-ch1&section=phy-ch1-sec1'),
  ('k-momentum-conservation', 'defined_in', 'book-physics-mechanics', 'phy-ch1', 'phy-ch1-sec2', '经典力学基础', '牛顿体系', '1.2 碰撞与守恒', '经典力学基础', '经典力学基础', '牛顿体系', '牛顿体系', '1.2 碰撞与守恒', '1.2 碰撞与守恒', 'graph/source.json?book=book-physics-mechanics&chapter=phy-ch1&section=phy-ch1-sec2'),
  ('k-maxwell-equations', 'defined_in', 'book-physics-mechanics', 'phy-ch2', 'phy-ch2-sec1', '经典力学基础', '电磁与波动', '2.1 场与方程组', '经典力学基础', '经典力学基础', '电磁与波动', '电磁与波动', '2.1 场与方程组', '2.1 场与方程组', 'graph/source.json?book=book-physics-mechanics&chapter=phy-ch2&section=phy-ch2-sec1'),
  ('k-big-o-notation', 'defined_in', 'book-cs-foundations', 'cs-ch1', 'cs-ch1-sec1', '计算机科学基础', '算法分析', '1.1 时间复杂度', '计算机科学基础', '计算机科学基础', '算法分析', '算法分析', '1.1 时间复杂度', '1.1 时间复杂度', 'graph/source.json?book=book-cs-foundations&chapter=cs-ch1&section=cs-ch1-sec1'),
  ('k-divide-and-conquer', 'defined_in', 'book-cs-foundations', 'cs-ch1', 'cs-ch1-sec2', '计算机科学基础', '算法分析', '1.2 分治策略', '计算机科学基础', '计算机科学基础', '算法分析', '算法分析', '1.2 分治策略', '1.2 分治策略', 'graph/source.json?book=book-cs-foundations&chapter=cs-ch1&section=cs-ch1-sec2'),
  ('k-backpropagation', 'defined_in', 'book-cs-foundations', 'cs-ch2', 'cs-ch2-sec1', '计算机科学基础', '机器学习', '2.1 反向传播', '计算机科学基础', '计算机科学基础', '机器学习', '机器学习', '2.1 反向传播', '2.1 反向传播', 'graph/source.json?book=book-cs-foundations&chapter=cs-ch2&section=cs-ch2-sec1'),
  ('k-convolutional-neural-network', 'defined_in', 'book-cs-foundations', 'cs-ch2', 'cs-ch2-sec2', '计算机科学基础', '机器学习', '2.2 卷积网络', '计算机科学基础', '计算机科学基础', '机器学习', '机器学习', '2.2 卷积网络', '2.2 卷积网络', 'graph/source.json?book=book-cs-foundations&chapter=cs-ch2&section=cs-ch2-sec2'),
  ('k-convolutional-neural-network', 'cite_from', 'book-cs-deeplearning', 'cs-ch2', 'cs-ch2-sec2', 'Deep Learning', 'Convolutional Networks', 'Architectures', 'Deep Learning', 'Deep Learning', 'Convolutional Networks', 'Convolutional Networks', 'Architectures', 'Architectures', 'graph/source.json?book=book-cs-foundations&chapter=cs-ch2&section=cs-ch2-sec2'),
  ('ai-what-is-ai', 'defined_in', 'book-ai-aima-4e', 'ai-ch1', 'ai-ch1-sec1-1', 'Artificial Intelligence: A Modern Approach (4th Edition)', 'What Is AI?', '1.1 What Is AI?', 'Artificial Intelligence: A Modern Approach (4th Edition)', 'Artificial Intelligence: A Modern Approach (4th Edition)', 'What Is AI?', 'What Is AI?', '1.1 What Is AI?', '1.1 What Is AI?', 'graph/source.json?book=book-ai-aima-4e&chapter=ai-ch1&section=ai-ch1-sec1-1'),
  ('ai-what-is-ai', 'support', 'book-ai-aima-4e', 'ai-ch1', 'ai-ch1-sec1-1', 'Artificial Intelligence: A Modern Approach (4th Edition)', 'Chapter 1', '1.1 What Is AI?', 'Artificial Intelligence: A Modern Approach (4th Edition)', 'Artificial Intelligence: A Modern Approach (4th Edition)', 'Chapter 1', 'Chapter 1', '1.1 What Is AI?', '1.1 What Is AI?', 'graph/source.json?book=book-ai-aima-4e&chapter=ai-ch1&section=ai-ch1-sec1-1'),
  ('ai-turing-test', 'defined_in', 'book-ai-aima-4e', 'ai-ch1', 'ai-ch1-sec1-1-1', 'Artificial Intelligence: A Modern Approach (4th Edition)', 'What Is AI?', '1.1.1 Acting Humanly: The Turing Test', 'Artificial Intelligence: A Modern Approach (4th Edition)', 'Artificial Intelligence: A Modern Approach (4th Edition)', 'What Is AI?', 'What Is AI?', '1.1.1 Acting Humanly: The Turing Test', '1.1.1 Acting Humanly: The Turing Test', 'graph/source.json?book=book-ai-aima-4e&chapter=ai-ch1&section=ai-ch1-sec1-1-1'),
  ('ai-cognitive-modeling', 'defined_in', 'book-ai-aima-4e', 'ai-ch1', 'ai-ch1-sec1-1-2', 'Artificial Intelligence: A Modern Approach (4th Edition)', 'What Is AI?', '1.1.2 Thinking Humanly', 'Artificial Intelligence: A Modern Approach (4th Edition)', 'Artificial Intelligence: A Modern Approach (4th Edition)', 'What Is AI?', 'What Is AI?', '1.1.2 Thinking Humanly', '1.1.2 Thinking Humanly', 'graph/source.json?book=book-ai-aima-4e&chapter=ai-ch1&section=ai-ch1-sec1-1-2'),
  ('ai-rational-agent', 'defined_in', 'book-ai-aima-4e', 'ai-ch1', 'ai-ch1-sec1-1-4', 'Artificial Intelligence: A Modern Approach (4th Edition)', 'What Is AI?', '1.1.4 Acting Rationally', 'Artificial Intelligence: A Modern Approach (4th Edition)', 'Artificial Intelligence: A Modern Approach (4th Edition)', 'What Is AI?', 'What Is AI?', '1.1.4 Acting Rationally', '1.1.4 Acting Rationally', 'graph/source.json?book=book-ai-aima-4e&chapter=ai-ch1&section=ai-ch1-sec1-1-4'),
  ('ai-value-alignment', 'defined_in', 'book-ai-aima-4e', 'ai-ch1', 'ai-ch1-sec1-1-5', 'Artificial Intelligence: A Modern Approach (4th Edition)', 'What Is AI?', '1.1.5 Beneficial Machines', 'Artificial Intelligence: A Modern Approach (4th Edition)', 'Artificial Intelligence: A Modern Approach (4th Edition)', 'What Is AI?', 'What Is AI?', '1.1.5 Beneficial Machines', '1.1.5 Beneficial Machines', 'graph/source.json?book=book-ai-aima-4e&chapter=ai-ch1&section=ai-ch1-sec1-1-5'),
  ('ai-value-alignment', 'cite_from', 'book-ai-aima-4e', 'ai-ch1', 'ai-ch1-sec1-1-5', 'Artificial Intelligence: A Modern Approach (4th Edition)', 'Chapter 1', '1.1.5 Beneficial Machines', 'Artificial Intelligence: A Modern Approach (4th Edition)', 'Artificial Intelligence: A Modern Approach (4th Edition)', 'Chapter 1', 'Chapter 1', '1.1.5 Beneficial Machines', '1.1.5 Beneficial Machines', 'graph/source.json?book=book-ai-aima-4e&chapter=ai-ch1&section=ai-ch1-sec1-1-5'),
  ('semantic-html', 'defined_in', 'book-frontend-foundations', 'fe-ch1', 'fe-ch1-sec1', 'Frontend Foundations Handbook', 'HTML + CSS Core Skills', '1.1 Semantic Structure', 'Frontend Foundations Handbook', 'Frontend Foundations Handbook', 'HTML + CSS Core Skills', 'HTML + CSS Core Skills', '1.1 Semantic Structure', '1.1 Semantic Structure', 'graph/source.json?book=book-frontend-foundations&chapter=fe-ch1&section=fe-ch1-sec1'),
  ('css-flexbox', 'defined_in', 'book-frontend-foundations', 'fe-ch1', 'fe-ch1-sec2', 'Frontend Foundations Handbook', 'HTML + CSS Core Skills', '1.2 Flex Layout', 'Frontend Foundations Handbook', 'Frontend Foundations Handbook', 'HTML + CSS Core Skills', 'HTML + CSS Core Skills', '1.2 Flex Layout', '1.2 Flex Layout', 'graph/source.json?book=book-frontend-foundations&chapter=fe-ch1&section=fe-ch1-sec2'),
  ('css-animation', 'defined_in', 'book-frontend-foundations', 'fe-ch1', 'fe-ch1-sec3', 'Frontend Foundations Handbook', 'HTML + CSS Core Skills', '1.3 Animation Basics', 'Frontend Foundations Handbook', 'Frontend Foundations Handbook', 'HTML + CSS Core Skills', 'HTML + CSS Core Skills', '1.3 Animation Basics', '1.3 Animation Basics', 'graph/source.json?book=book-frontend-foundations&chapter=fe-ch1&section=fe-ch1-sec3'),
  ('project-cat-photo-gallery', 'defined_in', 'book-frontend-foundations', 'fe-ch2', 'fe-ch2-sec1', 'Frontend Foundations Handbook', 'Practice Projects', '2.1 Gallery Project', 'Frontend Foundations Handbook', 'Frontend Foundations Handbook', 'Practice Projects', 'Practice Projects', '2.1 Gallery Project', '2.1 Gallery Project', 'graph/source.json?book=book-frontend-foundations&chapter=fe-ch2&section=fe-ch2-sec1'),
  ('project-ferris-wheel', 'defined_in', 'book-frontend-foundations', 'fe-ch2', 'fe-ch2-sec2', 'Frontend Foundations Handbook', 'Practice Projects', '2.2 Ferris Wheel Animation', 'Frontend Foundations Handbook', 'Frontend Foundations Handbook', 'Practice Projects', 'Practice Projects', '2.2 Ferris Wheel Animation', '2.2 Ferris Wheel Animation', 'graph/source.json?book=book-frontend-foundations&chapter=fe-ch2&section=fe-ch2-sec2');

COMMIT;
